name,id,nametype,recclass,year,reclat,reclong,GeoLocation,mass
Aarhus,2,Valid,H6,1951.0,56.18333,10.23333,"(56.18333, 10.23333)",0.72
Abee,6,Valid,EH4,1952.0,54.21667,-113.0,"(54.21667, -113.0)",107.0
Acapulco,10,Valid,Acapulcoite,1976.0,16.88333,-99.9,"(16.88333, -99.9)",1.914
Achiras,370,Valid,L6,1902.0,-33.16667,-64.95,"(-33.16667, -64.95)",0.78
Adhi Kot,379,Valid,EH4,1919.0,32.1,71.8,"(32.1, 71.8)",4.239
Adzhi-Bogdo (stone),390,Valid,LL3-6,1949.0,44.83333,95.16667,"(44.83333, 95.16667)",0.91
Aguada,398,Valid,L6,1930.0,-31.6,-65.23333,"(-31.6, -65.23333)",1.62
Aguila Blanca,417,Valid,L,1920.0,-30.86667,-64.55,"(-30.86667, -64.55)",1.44
Aioun el Atrouss,423,Valid,Diogenite-pm,1974.0,16.39806,-9.57028,"(16.39806, -9.57028)",1.0
Aïr,424,Valid,L6,1925.0,19.08333,8.38333,"(19.08333, 8.38333)",24.0
Akaba,426,Valid,L6,1949.0,29.51667,35.05,"(29.51667, 35.05)",0.779
Akwanga,432,Valid,H,1959.0,8.91667,8.43333,"(8.91667, 8.43333)",3.0
Akyumak,433,Valid,"Iron, IVA",1981.0,39.91667,42.81667,"(39.91667, 42.81667)",50.0
Al Rais,446,Valid,CR2-an,1957.0,24.41667,39.51667,"(24.41667, 39.51667)",0.16
Al Zarnkh,447,Valid,LL5,2001.0,13.66033,28.96,"(13.66033, 28.96)",0.7
Alberta,454,Valid,L,1949.0,2.0,22.66667,"(2.0, 22.66667)",0.625
Alby sur Chéran,458,Valid,Eucrite-mmict,2002.0,45.82133,6.01533,"(45.82133, 6.01533)",0.252
Allende,2278,Valid,CV3,1969.0,26.96667,-105.31667,"(26.96667, -105.31667)",2000.0
Almahata Sitta,48915,Valid,Ureilite-an,2008.0,20.74575,32.41275,"(20.74575, 32.41275)",3.95
Alta'ameem,2284,Valid,LL5,1977.0,35.27333,44.21556,"(35.27333, 44.21556)",6.0
Andreevka,2296,Valid,L3,1969.0,48.7,37.5,"(48.7, 37.5)",0.6
Andura,2298,Valid,H6,1939.0,20.88333,76.86667,"(20.88333, 76.86667)",17.9
Ankober,2304,Valid,H4,1942.0,9.53333,39.71667,"(9.53333, 39.71667)",6.5
Anlong,2305,Valid,H5,1971.0,25.15,105.18333,"(25.15, 105.18333)",2.5
Aomori,2313,Valid,L6,1984.0,40.81056,140.78556,"(40.81056, 140.78556)",0.32
Appley Bridge,2318,Valid,LL6,1914.0,53.58333,-2.71667,"(53.58333, -2.71667)",15.0
Arbol Solo,2325,Valid,H5,1954.0,-33.0,-66.0,"(-33.0, -66.0)",0.81
Archie,2329,Valid,H6,1932.0,38.5,-94.3,"(38.5, -94.3)",5.07
Arroyo Aguiar,2340,Valid,H5,1950.0,-31.41667,-60.66667,"(-31.41667, -60.66667)",7.45
Ash Creek,48954,Valid,L6,2009.0,31.805,-97.01,"(31.805, -97.01)",9.5
Ashdon,2346,Valid,L6,1923.0,52.05,0.3,"(52.05, 0.3)",1.3
Atarra,4883,Valid,L4,1920.0,25.25417,80.625,"(25.25417, 80.625)",1.28
Athens,4885,Valid,LL6,1933.0,34.75,-87.0,"(34.75, -87.0)",0.265
Atoka,4888,Valid,L6,1945.0,34.31667,-96.15,"(34.31667, -96.15)",1.3842
Avanhandava,4905,Valid,H4,1952.0,-21.46028,-49.95083,"(-21.46028, -49.95083)",9.33
Avce,4906,Valid,"Iron, IIAB",1908.0,46.0,13.5,"(46.0, 13.5)",1.23
Awere,4910,Valid,L4,1968.0,2.71667,32.83333,"(2.71667, 32.83333)",0.134
Aztec,4913,Valid,L6,1938.0,36.8,-108.0,"(36.8, -108.0)",2.83
Bahjoi,4922,Valid,"Iron, IAB-sLL",1934.0,28.48333,78.5,"(28.48333, 78.5)",10.322
Bald Mountain,4925,Valid,L4,1929.0,35.96667,-82.48333,"(35.96667, -82.48333)",3.7
Baldwyn,4926,Valid,L6,1922.0,34.5,-88.66667,"(34.5, -88.66667)",0.345
Bali,4928,Valid,CV3,1907.0,5.38333,16.38333,"(5.38333, 16.38333)",1.0
Ban Rong Du,4934,Valid,"Iron, ungrouped",1993.0,16.66667,101.18333,"(16.66667, 101.18333)",16.7
Banswal,4937,Valid,L5,1913.0,30.4,78.2,"(30.4, 78.2)",0.014
Banten,4938,Valid,CM2,1933.0,-6.33333,106.0,"(-6.33333, 106.0)",0.629
Barnaul,4947,Valid,H5,1904.0,52.73333,84.08333,"(52.73333, 84.08333)",0.0232
Baroti,4949,Valid,L6,1910.0,31.61667,76.8,"(31.61667, 76.8)",4.5
Barwell,4954,Valid,L5,1965.0,52.56528,-1.33972,"(52.56528, -1.33972)",44.0
Bassikounou,44876,Valid,H5,2006.0,15.78333,-5.9,"(15.78333, -5.9)",29.56
Baszkówka,4957,Valid,L5,1994.0,52.03333,20.93583,"(52.03333, 20.93583)",15.5
Bath Furnace,4975,Valid,L6,1902.0,38.25,-83.75,"(38.25, -83.75)",86.0
Battle Mountain,56133,Valid,L6,2012.0,40.66813,-117.18913,"(40.66813, -117.18913)",2.9
Bawku,4976,Valid,LL5,1989.0,11.08333,-0.18333,"(11.08333, -0.18333)",1.557
Baxter,4977,Valid,L6,1916.0,36.75,-93.5,"(36.75, -93.5)",0.611
Beardsley,4984,Valid,H5,1929.0,39.8,-101.2,"(39.8, -101.2)",16.0
Beddgelert,4993,Valid,H5,1949.0,53.01667,-4.1,"(53.01667, -4.1)",0.794
Bells,5005,Valid,C2-ung,1961.0,33.6,-96.46667,"(33.6, -96.46667)",0.375
Benguerir,30443,Valid,LL6,2004.0,32.25,-8.15,"(32.25, -8.15)",25.0
Beni M'hira,5018,Valid,L6,2001.0,32.86667,10.8,"(32.86667, 10.8)",19.0
Benld,5021,Valid,H6,1938.0,39.08333,-89.15,"(39.08333, -89.15)",1.7705
Benoni,5023,Valid,H6,1943.0,-26.16667,28.41667,"(-26.16667, 28.41667)",3.88
Bensour,5024,Valid,LL6,2002.0,30.0,-7.0,"(30.0, -7.0)",45.0
Benton,5026,Valid,LL6,1949.0,45.95,-67.55,"(45.95, -67.55)",2.84
Berduc,48975,Valid,L6,2008.0,-31.91,-58.32833,"(-31.91, -58.32833)",0.27
Béréba,5028,Valid,Eucrite-mmict,1924.0,11.65,-3.65,"(11.65, -3.65)",18.0
Berthoud,47355,Valid,Eucrite-mmict,2004.0,40.30583,-105.02325,"(40.30583, -105.02325)",0.96
Beyrout,5035,Valid,LL3.8,1921.0,33.88333,35.5,"(33.88333, 35.5)",1.1
Bhawad,36591,Valid,LL6,2002.0,26.50833,73.11528,"(26.50833, 73.11528)",0.678
Bhola,5040,Valid,LL3-6,1940.0,22.68333,90.65,"(22.68333, 90.65)",1.047
Bholghati,5041,Valid,Howardite,1905.0,22.08333,86.9,"(22.08333, 86.9)",2.5
Bilanga,5045,Valid,Diogenite,1999.0,12.45,-0.08333,"(12.45, -0.08333)",25.0
Binningup,5051,Valid,H5,1984.0,-33.15639,115.67639,"(-33.15639, 115.67639)",0.48810000000000003
Birni N'konni,5056,Valid,H4,1923.0,13.76667,5.3,"(13.76667, 5.3)",0.56
Black Moshannan Park,5065,Valid,L5,1941.0,40.91667,-78.08333,"(40.91667, -78.08333)",0.705
Blackwell,5068,Valid,L5,1906.0,36.83333,-97.33333,"(36.83333, -97.33333)",2.381
Blanket,5071,Valid,L6,1909.0,31.83333,-98.83333,"(31.83333, -98.83333)",5.1
Bloomington,5076,Valid,LL6,1938.0,40.48,-89.00417,"(40.48, -89.00417)",0.0678
Bo Xian,5090,Valid,LL3.9,1977.0,33.83333,115.83333,"(33.83333, 115.83333)",7.5
Bogou,5097,Valid,"Iron, IAB-MG",1962.0,12.5,0.7,"(12.5, 0.7)",8.8
Boguslavka,5098,Valid,"Iron, IIAB",1916.0,44.55,131.63333,"(44.55, 131.63333)",256.0
Boriskino,5112,Valid,CM2,1930.0,54.23333,52.48333,"(54.23333, 52.48333)",1.342
Boumdeid (2003),57168,Valid,L6,2003.0,17.71067,-11.3715,"(17.71067, -11.3715)",0.19
Boumdeid (2011),57167,Valid,L6,2011.0,17.17493,-11.34133,"(17.17493, -11.34133)",3.599
Bovedy,5121,Valid,L3,1969.0,54.56667,-6.33333,"(54.56667, -6.33333)",5.46
Breitscheid,5134,Valid,H5,1956.0,50.66694,8.18361,"(50.66694, 8.18361)",1.5
Brient,5140,Valid,Eucrite-pmict,1933.0,52.13333,59.31667,"(52.13333, 59.31667)",0.219
Bruderheim,5156,Valid,L6,1960.0,53.9,-112.88333,"(53.9, -112.88333)",303.0
Bukhara,30448,Valid,CV3,2001.0,39.77978,64.60035,"(39.77978, 64.60035)",5.3
Bunburra Rockhole,48653,Valid,Eucrite,2007.0,-31.35,129.19,"(-31.35, 129.19)",0.324
Bununu,5165,Valid,Howardite,1942.0,10.01667,9.58333,"(10.01667, 9.58333)",0.357
Bur-Gheluai,5169,Valid,H5,1919.0,5.0,48.0,"(5.0, 48.0)",120.0
Burnwell,5175,Valid,H4-an,1990.0,37.62194,-82.23722,"(37.62194, -82.23722)",1.504
Bursa,5177,Valid,L6,1946.0,40.2,29.23333,"(40.2, 29.23333)",25.0
Buzzard Coulee,48654,Valid,H4,2008.0,52.996,-109.84817,"(52.996, -109.84817)",41.0
Cacak,5187,Valid,OC,1919.0,43.83889,20.33333,"(43.83889, 20.33333)",0.212
Cali,45976,Valid,H/L4,2007.0,3.405,-76.51,"(3.405, -76.51)",0.478
Calivo,5200,Valid,Stone-uncl,1916.0,11.75,122.33333,"(11.75, 122.33333)",2.4
Campos Sales,5249,Valid,L5,1991.0,-7.03333,-40.16667,"(-7.03333, -40.16667)",23.68
Çanakkale,5250,Valid,L6,1964.0,39.8,26.6,"(39.8, 26.6)",4.0
Canon City,5253,Valid,H6,1973.0,38.47028,-105.24139,"(38.47028, -105.24139)",1.4
Capilla del Monte,5264,Valid,H6,1934.0,-30.88333,-64.55,"(-30.88333, -64.55)",0.75
Carancas,45817,Valid,H4-5,2007.0,-16.66444,-69.04389,"(-16.66444, -69.04389)",0.342
Caratash,5265,Valid,LL6,1902.0,38.5,27.0,"(38.5, 27.0)",0.008
Ceniceros,5306,Valid,L3.7,1988.0,26.46667,-105.23333,"(26.46667, -105.23333)",1.025
Centerville,5307,Valid,H5,1956.0,43.2,-96.91667,"(43.2, -96.91667)",0.0456
Chadong,5313,Valid,L6,1998.0,28.53333,109.31667,"(28.53333, 109.31667)",3.7
Chainpur,5315,Valid,LL3.4,1907.0,25.85,83.48333,"(25.85, 83.48333)",8.2
Chajari,5316,Valid,L5,1933.0,-30.78333,-58.05,"(-30.78333, -58.05)",18.3
Changde,5322,Valid,H5,1977.0,29.08333,111.75,"(29.08333, 111.75)",1.81
Chaves,5334,Valid,Howardite,1925.0,41.93333,-7.46667,"(41.93333, -7.46667)",2.945
Chela,5338,Valid,H4,1988.0,-3.66667,32.5,"(-3.66667, 32.5)",2.936
Chelyabinsk,57165,Valid,LL5,2013.0,54.81667,61.11667,"(54.81667, 61.11667)",100.0
Chergach ,47347,Valid,H5,2007.0,23.69639,-5.01472,"(23.69639, -5.01472)",100.0
Chernyi Bor,5339,Valid,H4,1964.0,53.7,30.1,"(53.7, 30.1)",6.0
Cherokee Springs,5340,Valid,LL6,1933.0,35.03333,-81.88333,"(35.03333, -81.88333)",8.4
Chervettaz,5341,Valid,L5,1901.0,46.55,6.81667,"(46.55, 6.81667)",0.705
Chervony Kut,5342,Valid,Eucrite-mmict,1939.0,50.83333,34.0,"(50.83333, 34.0)",1.7
Chiang Khan,5345,Valid,H6,1981.0,17.9,101.63333,"(17.9, 101.63333)",0.367
Chicora,5349,Valid,LL6,1938.0,40.93333,-79.73333,"(40.93333, -79.73333)",0.303
Chisenga,5355,Valid,"Iron, IIIAB",1988.0,-10.05944,33.395,"(-10.05944, 33.395)",3.92
Chitenay,5357,Valid,L6,1978.0,47.47083,0.97667,"(47.47083, 0.97667)",4.0
Cilimus,5364,Valid,L5,1979.0,-6.95,108.1,"(-6.95, 108.1)",1.6
Claxton,5374,Valid,L6,1984.0,32.1025,-81.87278,"(32.1025, -81.87278)",1.455
Colby (Wisconsin),5395,Valid,L6,1917.0,44.9,-90.28333,"(44.9, -90.28333)",104.0
Coleman,5401,Valid,L6,1994.0,43.76111,-84.50778,"(43.76111, -84.50778)",0.469
Conquista,5418,Valid,H4,1965.0,-19.85,-47.55,"(-19.85, -47.55)",20.35
Cranganore,5465,Valid,L6,1917.0,10.2,76.26667,"(10.2, 76.26667)",1.46
Crescent,5470,Valid,CM2,1936.0,35.95,-97.58333,"(35.95, -97.58333)",0.07840000000000001
Crumlin,5477,Valid,L5,1902.0,54.61667,-6.21667,"(54.61667, -6.21667)",4.255
Cumberland Falls,5496,Valid,Aubrite,1919.0,36.83333,-84.35,"(36.83333, -84.35)",17.0
Dahmani,5504,Valid,LL6,1981.0,35.61667,8.83333,"(35.61667, 8.83333)",18.0
Dashoguz,6604,Valid,H5,1998.0,41.98444,59.685,"(41.98444, 59.685)",7.0
Daule,51559,Valid,L5,2008.0,-1.87089,-79.95756,"(-1.87089, -79.95756)",6.58
Demina,6649,Valid,L6,1911.0,51.46667,84.76667,"(51.46667, 84.76667)",16.4
Denver,6660,Valid,L6,1967.0,39.7825,-104.93056,"(39.7825, -104.93056)",0.23
Dergaon,6664,Valid,H5,2001.0,26.68333,93.86667,"(26.68333, 93.86667)",12.5
Desuri,6693,Valid,H6,1962.0,25.73333,73.61667,"(25.73333, 73.61667)",25.4
Devgaon,6694,Valid,H3.8,2001.0,19.0,81.0,"(19.0, 81.0)",12.0
Devri-Khera,6696,Valid,L6,1994.0,24.225,76.525,"(24.225, 76.525)",1.14
Dhajala,6698,Valid,H3.8,1976.0,22.37778,71.42722,"(22.37778, 71.42722)",45.0
Didim,47350,Valid,H3-5,2007.0,37.35172,27.32997,"(37.35172, 27.32997)",3.396
Diep River,7642,Valid,L6,1906.0,-33.75,18.56667,"(-33.75, 18.56667)",1.0
Distrito Quebracho,7649,Valid,H4,1957.0,-31.88333,-60.46667,"(-31.88333, -60.46667)",0.4
Djermaia,7656,Valid,H,1961.0,12.73333,15.05,"(12.73333, 15.05)",3.95
Djoumine,7657,Valid,H5-6,1999.0,36.95,9.55,"(36.95, 9.55)",10.0
Dokachi,7658,Valid,H5,1903.0,23.5,90.33333,"(23.5, 90.33333)",3.84
Domanitch,7661,Valid,L5,1907.0,40.0,29.0,"(40.0, 29.0)",0.438
Dong Ujimqin Qi,7706,Valid,Mesosiderite,1995.0,45.5,119.03333,"(45.5, 119.03333)",128.8
Dongtai,7708,Valid,LL6,1970.0,32.91667,120.78333,"(32.91667, 120.78333)",5.5
Dosso,7722,Valid,L6,1962.0,13.05,3.16667,"(13.05, 3.16667)",1.25
Douar Mghila,7723,Valid,LL6,1932.0,32.33333,-6.3,"(32.33333, -6.3)",1.161
Dowa,7725,Valid,Stone-uncl,1976.0,-13.66667,33.91667,"(-13.66667, 33.91667)",0.642
Dresden (Ontario),7731,Valid,H6,1939.0,42.52,-82.26,"(42.52, -82.26)",47.7
Dubrovnik,7736,Valid,L3-6,1951.0,42.45833,18.44167,"(42.45833, 18.44167)",1.9
Dunbogan,7743,Valid,L6,1999.0,-31.66667,152.83333,"(-31.66667, 152.83333)",0.03
Duwun,7754,Valid,L6,1943.0,33.43333,127.26667,"(33.43333, 127.26667)",2.117
Dwaleni,7755,Valid,H4-6,1970.0,-27.2,31.31667,"(-27.2, 31.31667)",3.23
Dyarrl Island,7758,Valid,Mesosiderite-A1,1933.0,-3.0,151.0,"(-3.0, 151.0)",0.188
Eagle,7760,Valid,EL6,1947.0,40.78167,-96.47167,"(40.78167, -96.47167)",10.0
Ehole,7774,Valid,H5,1961.0,-17.3,15.83333,"(-17.3, 15.83333)",2.4
Ekeby,7776,Valid,H4,1939.0,56.03333,13.0,"(56.03333, 13.0)",3.336
Ekh Khera,7777,Valid,H6,1916.0,28.26667,78.78333,"(28.26667, 78.78333)",0.84
El Idrissia,7807,Valid,L6,1989.0,34.41667,3.25,"(34.41667, 3.25)",10.0
El Paso de Aguila,45977,Valid,H5,1977.0,25.37,-97.37,"(25.37, -97.37)",17.226
El Tigre,7819,Valid,L6,1993.0,19.96722,-103.05167,"(19.96722, -103.05167)",5.0
Elbert,7822,Valid,LL6,1998.0,39.24667,-104.58817,"(39.24667, -104.58817)",0.6805
Elenovka,7824,Valid,L5,1951.0,47.83333,37.66667,"(47.83333, 37.66667)",54.64
Ellemeet,10019,Valid,Diogenite,1925.0,51.75,4.0,"(51.75, 4.0)",1.47
Enshi,10038,Valid,H5,1974.0,30.3,109.5,"(30.3, 109.5)",8.0
Erakot,10042,Valid,CM2,1940.0,19.03333,81.89167,"(19.03333, 81.89167)",0.113
Erevan,10043,Valid,Howardite,1911.0,40.3,44.5,"(40.3, 44.5)",0.1072
Essebi,10055,Valid,C2-ung,1957.0,2.88333,30.83333,"(2.88333, 30.83333)",0.5
Farmville,10075,Valid,H4,1934.0,35.55,-77.53333,"(35.55, -77.53333)",56.0
Fayetteville,10079,Valid,H4,1934.0,36.05,-94.16667,"(36.05, -94.16667)",2.36
Fenghsien-Ku,10086,Valid,H5,1924.0,34.6,116.75,"(34.6, 116.75)",0.082
Fermo,10091,Valid,H3-5,1996.0,43.18111,13.75333,"(43.18111, 13.75333)",10.2
Florence,10111,Valid,H3,1922.0,30.83333,-97.76667,"(30.83333, -97.76667)",3.64
Forest Vale,10120,Valid,H4,1942.0,-33.35,146.85833,"(-33.35, 146.85833)",26.0
Forksville,10123,Valid,L6,1924.0,36.78333,-78.08333,"(36.78333, -78.08333)",6.067
Fuhe,52412,Valid,L5,1945.0,31.47556,113.56694,"(31.47556, 113.56694)",23.0
Fuyang,10840,Valid,Stone-uncl,1977.0,32.9,115.9,"(32.9, 115.9)",2.5
Galim (a),10848,Valid,LL6,1952.0,7.05,12.43333,"(7.05, 12.43333)",0.0361
Galim (b),10849,Valid,EH3/4-an,1952.0,7.05,12.43333,"(7.05, 12.43333)",0.028
Galkiv,10850,Valid,H4,1995.0,51.68333,30.78333,"(51.68333, 30.78333)",5.0
Garhi Yasin,10860,Valid,"Iron, IIE",1917.0,27.88333,68.53333,"(27.88333, 68.53333)",0.38
Garland,10861,Valid,Diogenite-pm,1950.0,41.68333,-112.13333,"(41.68333, -112.13333)",0.102
Gashua,44882,Valid,L6,1984.0,12.85,11.03333,"(12.85, 11.03333)",4.162
Geidam,10870,Valid,H5,1950.0,12.91667,11.91667,"(12.91667, 11.91667)",0.725
Gifu,10914,Valid,L6,1909.0,35.53333,136.88333,"(35.53333, 136.88333)",14.29
Git-Git,10919,Valid,L6,1947.0,9.6,9.91667,"(9.6, 9.91667)",0.48
Glanerbrug,10923,Valid,L/LL5,1990.0,52.2,6.86667,"(52.2, 6.86667)",0.67
Glanggang,10924,Valid,H5-6,1939.0,-7.25,107.7,"(-7.25, 107.7)",1.303
Glasatovo,10926,Valid,H4,1918.0,57.35,37.61667,"(57.35, 37.61667)",152.0
Glatton,10930,Valid,L6,1991.0,52.45972,-0.3,"(52.45972, -0.3)",0.767
Gorlovka,10949,Valid,H3.7,1974.0,48.28333,38.08333,"(48.28333, 38.08333)",3.618
Granes,10956,Valid,L6,1964.0,42.9,2.25,"(42.9, 2.25)",9.0
Grefsheim,11196,Valid,L5,1976.0,60.66667,11.0,"(60.66667, 11.0)",0.0455
Grimsby,50911,Valid,H5,2009.0,43.2,-79.61667,"(43.2, -79.61667)",0.215
Grzempach,11429,Valid,H5,1910.0,52.86667,16.63333,"(52.86667, 16.63333)",0.69
Gualeguaychú,11432,Valid,H6,1932.0,-33.0,-58.61667,"(-33.0, -58.61667)",22.0
Guangmingshan,11435,Valid,H5,1996.0,39.80417,122.76389,"(39.80417, 122.76389)",2.91
Guangrao,11437,Valid,L6,1980.0,37.1,118.4,"(37.1, 118.4)",1.9
Guibga,11442,Valid,L5,1972.0,13.5,-0.68333,"(13.5, -0.68333)",0.288
Guidder,11443,Valid,LL5,1949.0,9.91667,13.98333,"(9.91667, 13.98333)",0.968
Gujargaon,11448,Valid,H5,1982.0,22.98333,76.05,"(22.98333, 76.05)",2.449
Gujba,11449,Valid,CBa,1984.0,11.49167,11.65833,"(11.49167, 11.65833)",100.0
Gumoschnik,11450,Valid,H5,1904.0,42.9,24.7,"(42.9, 24.7)",5.7
Gursum,11465,Valid,H4/5,1981.0,9.36667,42.41667,"(9.36667, 42.41667)",34.65
Gyokukei,11467,Valid,OC,1930.0,35.0,127.5,"(35.0, 127.5)",1.32
Hainaut,11472,Valid,H3-6,1934.0,50.31667,3.73333,"(50.31667, 3.73333)",9.0
Hallingeberg,11479,Valid,L3.4,1944.0,57.81667,16.23333,"(57.81667, 16.23333)",1.456
Hamlet,11485,Valid,LL4,1959.0,41.38333,-86.6,"(41.38333, -86.6)",3.71
Haripura,11829,Valid,CM2,1921.0,28.38333,75.78333,"(28.38333, 75.78333)",0.315
Harleton,11830,Valid,L6,1961.0,32.675,-94.51167,"(32.675, -94.51167)",8.36
Hashima,11848,Valid,H4,1910.0,35.2945,136.70033,"(35.2945, 136.70033)",1.1105999999999998
Haverö,11859,Valid,Ureilite,1971.0,60.24556,22.06194,"(60.24556, 22.06194)",1.544
Hedeskoga,11869,Valid,H5,1922.0,55.46667,13.78333,"(55.46667, 13.78333)",3.5
Hedjaz,11870,Valid,L3.7-6,1910.0,27.33333,35.66667,"(27.33333, 35.66667)",6.1
Hiroshima,11889,Valid,H5,2003.0,34.45,132.38333,"(34.45, 132.38333)",0.414
Hoima,44714,Valid,H6,2003.0,1.345,31.47278,"(1.345, 31.47278)",0.1677
Hökmark,11893,Valid,L4,1954.0,64.43333,21.2,"(64.43333, 21.2)",0.3055
Holbrook,11894,Valid,L/LL6,1912.0,34.9,-110.18333,"(34.9, -110.18333)",220.0
Holetta,11895,Valid,Stone-uncl,1923.0,9.06667,38.41667,"(9.06667, 38.41667)",1.415
Hotse,11913,Valid,L6,1956.0,35.66667,115.5,"(35.66667, 115.5)",0.18
Hoxie,11915,Valid,OC,1963.0,39.35,-100.45,"(39.35, -100.45)",0.2661
Huaxi,54719,Valid,H5,2010.0,26.46469,106.63241,"(26.46469, 106.63241)",1.6
Hvittis,11989,Valid,EL6,1901.0,61.18333,22.68333,"(61.18333, 22.68333)",14.0
Ibitira,11993,Valid,Eucrite-mmict,1957.0,-20.0,-45.0,"(-20.0, -45.0)",2.5
Ichkala,11995,Valid,H6,1936.0,58.2,82.93333,"(58.2, 82.93333)",3.973
Idutywa,12000,Valid,H5,1956.0,-32.1,28.33333,"(-32.1, 28.33333)",3.457
Iguaracu,12003,Valid,H5,1977.0,-23.2,-51.83333,"(-23.2, -51.83333)",1.2
Ijopega,12004,Valid,H6,1975.0,-6.03333,145.36667,"(-6.03333, 145.36667)",7.33
Independence,12028,Valid,L6,1917.0,39.08333,-94.4,"(39.08333, -94.4)",0.88
Inner Mongolia,12037,Valid,L6,1963.0,41.0,112.0,"(41.0, 112.0)",3.0
Innisfree,12039,Valid,L5,1977.0,53.415,-111.3375,"(53.415, -111.3375)",4.576
Ipiranga,12043,Valid,H6,1972.0,-25.5,-54.5,"(-25.5, -54.5)",7.0
Ishinga,12049,Valid,H,1954.0,-8.93333,33.8,"(-8.93333, 33.8)",1.3
Isthilart,12053,Valid,H5,1928.0,-31.18333,-57.95,"(-31.18333, -57.95)",3.05
Itqiy,12058,Valid,EH7-an,1990.0,26.59083,-12.95217,"(26.59083, -12.95217)",4.72
Ivuna,12063,Valid,CI1,1938.0,-8.41667,32.43333,"(-8.41667, 32.43333)",0.7045
Jackalsfontein,12065,Valid,L6,1903.0,-32.5,21.9,"(-32.5, 21.9)",48.0
Jajh deh Kot Lalu,12067,Valid,EL6,1926.0,26.75,68.41667,"(26.75, 68.41667)",0.973
Jartai,12074,Valid,L6,1979.0,39.7,105.8,"(39.7, 105.8)",20.5
Jesenice,51589,Valid,L6,2009.0,46.42137,14.05217,"(46.42137, 14.05217)",3.667
Jiange,12086,Valid,H5,1964.0,31.91667,104.91667,"(31.91667, 104.91667)",0.222
Jilin,12171,Valid,H5,1976.0,44.05,126.16667,"(44.05, 126.16667)",4000.0
Jodiya,47362,Valid,L5,2006.0,22.68,70.31333,"(22.68, 70.31333)",0.1
Johnstown,12198,Valid,Diogenite,1924.0,40.35,-104.9,"(40.35, -104.9)",40.3
Jolomba,12199,Valid,LL6,1974.0,-11.85,15.83333,"(-11.85, 15.83333)",0.483
Juancheng,12203,Valid,H5,1997.0,35.5,115.41667,"(35.5, 115.41667)",100.0
Jumapalo,12209,Valid,L6,1984.0,-7.71667,111.2,"(-7.71667, 111.2)",32.49
Junan,12210,Valid,L6,1976.0,35.2,118.8,"(35.2, 118.8)",0.95
Juromenha,12213,Valid,"Iron, IIIAB",1968.0,38.74028,-7.27,"(38.74028, -7.27)",25.25
Kabo,12220,Valid,H4,1971.0,11.85,8.21667,"(11.85, 8.21667)",13.4
Kagarlyk,12227,Valid,L6,1908.0,49.86667,30.83333,"(49.86667, 30.83333)",1.9
Kaidun,12228,Valid,CR2,1980.0,15.0,48.3,"(15.0, 48.3)",2.0
Kainsaz,12229,Valid,CO3.2,1937.0,55.43333,53.25,"(55.43333, 53.25)",200.0
Kalaba,12232,Valid,H4,1951.0,-6.83333,29.5,"(-6.83333, 29.5)",0.95
Kamalpur,12238,Valid,L6,1942.0,26.03333,81.46667,"(26.03333, 81.46667)",2.77
Kamiomi,12240,Valid,H5,1913.0,36.04167,139.95667,"(36.04167, 139.95667)",0.448
Kamsagar,12241,Valid,L6,1902.0,14.18333,75.8,"(14.18333, 75.8)",1.293
Kandahar (Afghanistan),12243,Valid,L6,1959.0,31.6,65.78333,"(31.6, 65.78333)",0.299
Kangean,12245,Valid,H5,1908.0,-7.0,115.5,"(-7.0, 115.5)",1.63
Kapoeta,12251,Valid,Howardite,1942.0,4.7,33.63333,"(4.7, 33.63333)",11.355
Kaprada,47357,Valid,L5/6,2004.0,20.33916,73.22329,"(20.33916, 73.22329)",1.6
Kaptal-Aryk,12253,Valid,L6,1937.0,42.45,73.36667,"(42.45, 73.36667)",3.5
Karatu,12258,Valid,LL6,1963.0,-3.5,35.58333,"(-3.5, 35.58333)",2.22
Karewar,12260,Valid,L6,1949.0,12.9,7.15,"(12.9, 7.15)",0.18
Karkh,12262,Valid,L6,1905.0,27.8,67.16667,"(27.8, 67.16667)",22.0
Karloowala,12263,Valid,L6,1955.0,31.58333,71.6,"(31.58333, 71.6)",2.95
Karoonda,12264,Valid,CK4,1930.0,-35.08333,139.91667,"(-35.08333, 139.91667)",41.73
Kasamatsu,12266,Valid,H,1938.0,35.36667,136.76667,"(35.36667, 136.76667)",0.71
Kasauli,30740,Valid,H4,2003.0,29.58333,77.58333,"(29.58333, 77.58333)",16.82
Katagum,35465,Valid,L6,1999.0,11.33333,10.08333,"(11.33333, 10.08333)",1.5
Kavarpura,47351,Valid,"Iron, IIE-an",2006.0,25.14333,75.81333,"(25.14333, 75.81333)",6.8
Kayakent,12268,Valid,"Iron, IIIAB",1961.0,39.26333,31.78,"(39.26333, 31.78)",85.0
Kediri,12270,Valid,L4,1940.0,-7.75,112.01667,"(-7.75, 112.01667)",3.3
Kemer,53654,Valid,L4,2008.0,36.54194,29.41822,"(36.54194, 29.41822)",5.76
Kendleton,12275,Valid,L4,1939.0,29.45,-96.0,"(29.45, -96.0)",6.937
Kendrapara,12276,Valid,H4-5,2003.0,20.4625,86.70278,"(20.4625, 86.70278)",6.6692
Khanpur,12289,Valid,LL5,1932.0,25.55,83.11667,"(25.55, 83.11667)",3.698
Khmelevka,12297,Valid,L5,1929.0,56.75,75.33333,"(56.75, 75.33333)",6.109
Khohar,12298,Valid,L3.6,1910.0,25.1,81.53333,"(25.1, 81.53333)",9.7
Khor Temiki,12299,Valid,Aubrite,1932.0,16.0,36.0,"(16.0, 36.0)",3.2
Kidairat,12300,Valid,H6,1983.0,14.0,28.0,"(14.0, 28.0)",100.0
Kiel,12301,Valid,L6,1962.0,54.4,10.15,"(54.4, 10.15)",0.7376
Kiffa,12303,Valid,H5,1970.0,16.58333,-11.33333,"(16.58333, -11.33333)",1.5
Kijima (1906),12305,Valid,Stone-uncl,1906.0,36.85,138.38333,"(36.85, 138.38333)",0.331
Kilabo,12307,Valid,LL6,2002.0,12.76667,9.8,"(12.76667, 9.8)",19.0
Kilbourn,12308,Valid,H5,1911.0,43.58333,-89.6,"(43.58333, -89.6)",0.772
Kingai,12316,Valid,H6,1967.0,11.63333,24.68333,"(11.63333, 24.68333)",0.0674
Kirbyville,12321,Valid,Eucrite-mmict,1906.0,30.75,-95.95,"(30.75, -95.95)",0.09770000000000001
Kisvarsány,12325,Valid,L6,1914.0,48.16667,22.30833,"(48.16667, 22.30833)",1.55
Kitchener,12326,Valid,L6,1998.0,43.38333,-80.38333,"(43.38333, -80.38333)",0.2026
Kobe,12336,Valid,CK4,1999.0,34.73333,135.16667,"(34.73333, 135.16667)",0.136
Kokubunji,12342,Valid,L6,1986.0,34.3,133.95,"(34.3, 133.95)",11.51
Komagome,12343,Valid,Iron,1926.0,35.73333,139.75,"(35.73333, 139.75)",0.238
Konovo,12344,Valid,LL5,1931.0,42.51667,26.16667,"(42.51667, 26.16667)",0.09
Košice,53810,Valid,H5,2010.0,48.76367,21.17633,"(48.76367, 21.17633)",4.3
Krasnyi Klyuch,12357,Valid,H5,1946.0,54.33333,56.08333,"(54.33333, 56.08333)",4.0
Krutikha,12363,Valid,OC,1906.0,56.8,77.0,"(56.8, 77.0)",0.8452000000000001
Krymka,12364,Valid,LL3.2,1946.0,47.83333,30.76667,"(47.83333, 30.76667)",50.0
Kukschin,12368,Valid,L6,1938.0,51.15,31.7,"(51.15, 31.7)",2.25
Kulak,12369,Valid,L5,1961.0,30.73111,66.80222,"(30.73111, 66.80222)",0.4536
Kulp,12373,Valid,H6,1906.0,41.11667,45.0,"(41.11667, 45.0)",3.719
Kunashak,12377,Valid,L6,1949.0,55.78333,61.36667,"(55.78333, 61.36667)",200.0
Kunya-Urgench,12379,Valid,H5,1998.0,42.25,59.2,"(42.25, 59.2)",1100.0
Kushiike,12381,Valid,OC,1920.0,37.05,138.38333,"(37.05, 138.38333)",4.46
Kutais,12383,Valid,H5,1977.0,44.51667,39.3,"(44.51667, 39.3)",0.023
Kuttippuram,12384,Valid,L6,1914.0,10.83333,76.03333,"(10.83333, 76.03333)",45.0
Kuznetzovo,12385,Valid,L6,1932.0,55.2,75.33333,"(55.2, 75.33333)",4.047
La Colina,12395,Valid,H5,1924.0,-37.33333,-61.53333,"(-37.33333, -61.53333)",2.0
La Criolla,12396,Valid,L6,1985.0,-31.23333,-58.16667,"(-31.23333, -58.16667)",45.0
Lahrauli,12433,Valid,Ureilite,1955.0,26.78333,82.71667,"(26.78333, 82.71667)",0.9
Lakangaon,12435,Valid,Eucrite-mmict,1910.0,21.86667,76.03333,"(21.86667, 76.03333)",0.2125
Långhalsen,12461,Valid,L6,1947.0,58.85,16.73333,"(58.85, 16.73333)",2.3
Lanxi,12464,Valid,L6,1986.0,46.24167,126.19611,"(46.24167, 126.19611)",1.282
Lanzenkirchen,12465,Valid,L4,1925.0,47.75,16.23333,"(47.75, 16.23333)",7.0
Laochenzhen,12466,Valid,H5,1987.0,33.13333,115.16667,"(33.13333, 115.16667)",14.25
Lavrentievka,12743,Valid,L6,1938.0,52.45,51.56667,"(52.45, 51.56667)",0.8
Leedey,12755,Valid,L6,1943.0,35.88333,-99.33333,"(35.88333, -99.33333)",51.5
Leeuwfontein,12756,Valid,L6,1912.0,-25.66667,28.36667,"(-25.66667, 28.36667)",0.46
Leighlinbridge,12759,Valid,L6,1999.0,52.66667,-6.96667,"(52.66667, -6.96667)",0.2714
Leighton,12760,Valid,H5,1907.0,34.58333,-87.5,"(34.58333, -87.5)",0.877
Lichtenberg,14646,Valid,H6,1973.0,-26.15,26.18333,"(-26.15, 26.18333)",4.0
Lillaverke,14650,Valid,H5,1930.0,56.65,15.86667,"(56.65, 15.86667)",6.862
Lishui,14659,Valid,L5,1978.0,31.63333,118.98333,"(31.63333, 118.98333)",0.498
Lohawat,14678,Valid,Howardite,1994.0,26.96556,72.62667,"(26.96556, 72.62667)",40.0
Lorton,52843,Valid,L6,2010.0,38.70066,-77.21163,"(38.70066, -77.21163)",0.3297
Lost City,14711,Valid,H5,1970.0,36.00833,-95.15,"(36.00833, -95.15)",17.0
Louisville,14716,Valid,L6,1977.0,38.25,-85.75,"(38.25, -85.75)",1.3
Łowicz,14718,Valid,Mesosiderite-A3,1935.0,52.0,19.91667,"(52.0, 19.91667)",59.0
Lua,14721,Valid,L5,1926.0,24.95,75.15,"(24.95, 75.15)",9.241
Lunan,14754,Valid,H6,1980.0,24.8,103.3,"(24.8, 103.3)",2.52
Mabwe-Khoywa,14764,Valid,L5,1937.0,19.0,97.0,"(19.0, 97.0)",0.54
Machinga,15371,Valid,L6,1981.0,-15.21222,35.24222,"(-15.21222, 35.24222)",93.2
Macibini,15372,Valid,Eucrite-pmict,1936.0,-28.83333,31.95,"(-28.83333, 31.95)",1.995
Madhipura,15379,Valid,L,1950.0,25.91667,86.36667,"(25.91667, 86.36667)",1.0
Madiun,15380,Valid,L6,1935.0,-7.75,111.53333,"(-7.75, 111.53333)",0.4
Mafra,15383,Valid,L3-4,1941.0,-26.16667,-49.93333,"(-26.16667, -49.93333)",0.6
Magombedze,15387,Valid,H3-5,1990.0,-19.48333,31.65,"(-19.48333, 31.65)",0.6666
Mahadevpur,47361,Valid,H4/5,2007.0,27.66667,95.78333,"(27.66667, 95.78333)",70.5
Maigatari-Danduma,30751,Valid,H5/6,2004.0,12.83333,9.38333,"(12.83333, 9.38333)",4.629
Malaga,15393,Valid,OC,1933.0,32.21667,-104.0,"(32.21667, -104.0)",0.15
Malakal,15394,Valid,L5,1970.0,9.5,31.75,"(9.5, 31.75)",2.0
Malampaka,15395,Valid,H,1930.0,-3.13333,33.51667,"(-3.13333, 33.51667)",0.47
Malvern,15400,Valid,Eucrite-pmict,1933.0,-29.45,26.76667,"(-29.45, 26.76667)",0.807
Mamra Springs,15401,Valid,L6,1927.0,45.21667,62.08333,"(45.21667, 62.08333)",1.0
Mangwendi,15405,Valid,LL6,1934.0,-17.65,31.6,"(-17.65, 31.6)",22.3
Manych,15409,Valid,LL3.4,1951.0,45.81667,44.63333,"(45.81667, 44.63333)",3.555
Mardan,15414,Valid,H5,1948.0,34.23333,72.08333,"(34.23333, 72.08333)",4.5
Maribo,48973,Valid,CM2,2009.0,54.76183,11.46745,"(54.76183, 11.46745)",0.02581
Maridi,15421,Valid,H6,1941.0,4.66667,29.25,"(4.66667, 29.25)",3.2
Marilia,15422,Valid,H4,1971.0,-22.25,-49.93333,"(-22.25, -49.93333)",2.5
Marjalahti,15426,Valid,"Pallasite, PMG",1902.0,61.5,30.5,"(61.5, 30.5)",45.0
Maromandia,15430,Valid,L6,2002.0,-14.2,48.1,"(-14.2, 48.1)",6.0
Maryville,15436,Valid,L6,1983.0,35.8,-84.1,"(35.8, -84.1)",1.443
Mason Gully,53653,Valid,H5,2010.0,0.0,0.0,"(0.0, 0.0)",0.02454
Mayo Belwa,15451,Valid,Aubrite,1974.0,8.96667,12.08333,"(8.96667, 12.08333)",4.85
Maziba,15454,Valid,L6,1942.0,-1.21667,30.0,"(-1.21667, 30.0)",4.975
Mbale,15455,Valid,L5/6,1992.0,1.06667,34.16667,"(1.06667, 34.16667)",150.0
Medanitos,15467,Valid,Eucrite-cm,1953.0,-27.25,-67.5,"(-27.25, -67.5)",0.031
Meester-Cornelis,15470,Valid,H5,1915.0,-6.23333,106.88333,"(-6.23333, 106.88333)",24.75
Menziswyl,15486,Valid,L5,1903.0,46.81867,7.21817,"(46.81867, 7.21817)",0.0289
Meru,15491,Valid,LL6,1945.0,0.0,37.66667,"(0.0, 37.66667)",6.0
Merua,15492,Valid,H5,1920.0,25.48333,81.98333,"(25.48333, 81.98333)",71.4
Messina,15495,Valid,L5,1955.0,38.18333,15.56667,"(38.18333, 15.56667)",2.405
Mezel,16627,Valid,L6,1949.0,45.76667,3.25,"(45.76667, 3.25)",1.3
Mianchi,16631,Valid,H5,1980.0,34.8,111.7,"(34.8, 111.7)",1.1
Mifflin,52090,Valid,L5,2010.0,42.9075,-90.36556,"(42.9075, -90.36556)",3.584
Mihonoseki,16635,Valid,L6,1992.0,35.56833,133.22,"(35.56833, 133.22)",6.38
Mike,16636,Valid,L6,1944.0,46.23333,17.53333,"(46.23333, 17.53333)",0.22419999999999998
Millbillillie,16643,Valid,Eucrite-mmict,1960.0,-26.45,120.36667,"(-26.45, 120.36667)",330.0
Miller (Arkansas),16645,Valid,H5,1930.0,35.4,-92.05,"(35.4, -92.05)",16.7
Min-Fan-Zhun,16697,Valid,LL6,1952.0,32.33333,120.66667,"(32.33333, 120.66667)",5.5
Minnichhof,16700,Valid,OC,1905.0,47.7,16.6,"(47.7, 16.6)",0.55
Mirzapur,16701,Valid,L5,1910.0,25.68333,83.25,"(25.68333, 83.25)",8.51
Modoc (1905),16711,Valid,L6,1905.0,38.5,-101.1,"(38.5, -101.1)",35.0
Mokoia,16713,Valid,CV3,1908.0,-39.63333,174.4,"(-39.63333, 174.4)",4.5
Molteno,16717,Valid,Howardite,1953.0,-31.25,26.46667,"(-31.25, 26.46667)",0.15
Monahans (1998),16719,Valid,H5,1998.0,31.60833,-102.85833,"(31.60833, -102.85833)",2.587
Monte das Fortes,16725,Valid,L5,1950.0,38.01667,-8.25,"(38.01667, -8.25)",4.885
Montferré,16727,Valid,H5,1923.0,43.39056,1.9625,"(43.39056, 1.9625)",149.0
Moore County,16736,Valid,Eucrite-cm,1913.0,35.41667,-79.38333,"(35.41667, -79.38333)",1.88
Moorleah,16738,Valid,L6,1930.0,-40.975,145.6,"(-40.975, 145.6)",8.8875
Morávka,16742,Valid,H5,2000.0,49.6,18.53333,"(49.6, 18.53333)",0.633
Moss,36592,Valid,CO3.6,2006.0,59.43333,10.7,"(59.43333, 10.7)",3.763
Mount Browne,16766,Valid,H6,1902.0,-29.8,141.7,"(-29.8, 141.7)",11.3
Mount Tazerzait,16804,Valid,L5,1991.0,18.7,4.8,"(18.7, 4.8)",110.0
Mtola,16820,Valid,Stone-uncl,1944.0,-11.5,33.5,"(-11.5, 33.5)",1.1
Muraid,16874,Valid,L6,1924.0,24.5,90.21667,"(24.5, 90.21667)",4.703
Murchison,16875,Valid,CM2,1969.0,-36.61667,145.2,"(-36.61667, 145.2)",100.0
Murray,16882,Valid,CM2,1950.0,36.6,-88.1,"(36.6, -88.1)",12.6
Muzaffarpur,16885,Valid,"Iron, IAB-sHL",1964.0,26.13333,85.53333,"(26.13333, 85.53333)",1.245
Nadiabondi,16889,Valid,H5,1956.0,12.0,1.0,"(12.0, 1.0)",8.165
Nagai,16890,Valid,L6,1922.0,38.12167,140.06167,"(38.12167, 140.06167)",1.81
Nakhla,16898,Valid,Martian (nakhlite),1911.0,31.31667,30.35,"(31.31667, 30.35)",10.0
Nakhon Pathom,16899,Valid,L6,1923.0,13.73333,100.08333,"(13.73333, 100.08333)",23.2
Nan Yang Pao,16903,Valid,L6,1917.0,35.66667,103.5,"(35.66667, 103.5)",52.9
Nantong,16907,Valid,H6,1984.0,32.11667,121.8,"(32.11667, 121.8)",0.529
Naoki,16908,Valid,H6,1928.0,19.25,77.0,"(19.25, 77.0)",17.0
Naragh,16909,Valid,H6,1974.0,33.75,51.5,"(33.75, 51.5)",2.7
Narellan,16912,Valid,L6,1928.0,-34.05,150.68889,"(-34.05, 150.68889)",0.3675
Nassirah,16922,Valid,H4,1936.0,-21.73333,165.9,"(-21.73333, 165.9)",0.347
Neagari,16934,Valid,L6,1995.0,36.44917,136.46528,"(36.44917, 136.46528)",0.42
Nejo,16941,Valid,L6,1970.0,9.5,35.33333,"(9.5, 35.33333)",2.45
Neuschwanstein,16950,Valid,EL6,2002.0,47.525,10.80833,"(47.525, 10.80833)",6.189
New Halfa,16954,Valid,L4,1994.0,15.36667,35.68333,"(15.36667, 35.68333)",12.0
New Orleans,16960,Valid,H5,2003.0,29.94718,-90.10976,"(29.94718, -90.10976)",19.256
Nikolaevka,16976,Valid,H4,1935.0,52.45,78.63333,"(52.45, 78.63333)",3.996
Nikolskoe,16977,Valid,L4,1954.0,56.11667,37.33333,"(56.11667, 37.33333)",6.0
Ningbo,16980,Valid,"Iron, IVA",1975.0,29.86667,121.48333,"(29.86667, 121.48333)",14.25
Ningqiang,16981,Valid,C3-ung,1983.0,32.925,105.90667,"(32.925, 105.90667)",4.61
N'Kandhla,16983,Valid,"Iron, IID",1912.0,-28.56667,30.7,"(-28.56667, 30.7)",17.2
Noblesville,16985,Valid,H4-6,1991.0,40.08528,-86.055,"(40.08528, -86.055)",0.48369999999999996
Norfork,16994,Valid,"Iron, IIIAB",1918.0,36.21667,-92.26667,"(36.21667, -92.26667)",1.05
Norton County,17922,Valid,Aubrite,1948.0,39.68333,-99.86667,"(39.68333, -99.86667)",1100.0
Noventa Vicentina,17930,Valid,H4,1971.0,45.29167,11.52722,"(45.29167, 11.52722)",0.177
Novy-Projekt,17935,Valid,OC,1908.0,56.0,22.0,"(56.0, 22.0)",1.001
Noyan-Bogdo,17936,Valid,L6,1933.0,42.91667,102.46667,"(42.91667, 102.46667)",0.25
Nuevo Mercurio,17938,Valid,H5,1978.0,24.3,-102.13333,"(24.3, -102.13333)",50.0
Numakai,17960,Valid,H4,1925.0,43.33333,141.86667,"(43.33333, 141.86667)",0.363
Nyaung,17969,Valid,"Iron, IIIAB",1939.0,21.20833,94.91667,"(21.20833, 94.91667)",0.7376
Nyirábrany,17970,Valid,LL5,1914.0,47.55,22.025,"(47.55, 22.025)",1.1
Oesede,17988,Valid,H5,1927.0,52.28333,8.05,"(52.28333, 8.05)",1.4
Ohuma,17996,Valid,L5,1963.0,6.75,8.5,"(6.75, 8.5)",7.7
Ojuelos Altos,17997,Valid,L6,1926.0,38.18333,-5.4,"(38.18333, -5.4)",5.85
Okabe,17998,Valid,H5,1958.0,36.18333,139.21667,"(36.18333, 139.21667)",0.194
Okano,18000,Valid,"Iron, IIAB",1904.0,35.08333,135.2,"(35.08333, 135.2)",4.742
Oldenburg (1930),18009,Valid,L6,1930.0,52.95,8.16667,"(52.95, 8.16667)",16.57
Olivenza,18013,Valid,LL5,1924.0,38.71667,-7.06667,"(38.71667, -7.06667)",150.0
Olmedilla de Alarcón,18015,Valid,H5,1929.0,39.56667,-2.1,"(39.56667, -2.1)",40.0
Omolon,18019,Valid,"Pallasite, PMG",1981.0,64.02,161.80833,"(64.02, 161.80833)",250.0
Orlando,34489,Valid,Eucrite,2004.0,28.5475,-81.36222,"(28.5475, -81.36222)",0.18
Oterøy,18042,Valid,L6,1928.0,58.88333,9.4,"(58.88333, 9.4)",0.246
Ouadangou,56729,Valid,L5,2003.0,12.9,0.08,"(12.9, 0.08)",4.44
Oued el Hadjar,18050,Valid,LL6,1986.0,30.18,-6.57717,"(30.18, -6.57717)",1.2155
Oum Dreyga,31282,Valid,H3-5,2003.0,24.3,-13.1,"(24.3, -13.1)",17.0
Ourique,18052,Valid,H4,1998.0,37.60833,-8.28,"(37.60833, -8.28)",20.0
Padvarninkai,18069,Valid,Eucrite-mmict,1929.0,55.66667,25.0,"(55.66667, 25.0)",3.858
Paitan,18072,Valid,H6,1910.0,17.74333,120.45583,"(17.74333, 120.45583)",0.515
Palca de Aparzo,18074,Valid,L5,1988.0,-23.11667,-65.1,"(-23.11667, -65.1)",1.43
Palinshih,18077,Valid,Iron,1914.0,43.48333,118.61667,"(43.48333, 118.61667)",18.0
Palmyra,18079,Valid,L3,1926.0,39.8,-91.5,"(39.8, -91.5)",0.135
Palolo Valley,18082,Valid,H5,1949.0,21.3,-157.78333,"(21.3, -157.78333)",0.682
Pantar,18098,Valid,H5,1938.0,8.06667,124.28333,"(8.06667, 124.28333)",2.13
Paragould,18101,Valid,LL5,1930.0,36.06667,-90.5,"(36.06667, -90.5)",408.0
Parambu,18102,Valid,LL5,1967.0,-6.23333,-40.7,"(-6.23333, -40.7)",2.0
Paranaiba,18103,Valid,L6,1956.0,-19.13333,-51.66667,"(-19.13333, -51.66667)",100.0
Park Forest,18106,Valid,L5,2003.0,41.48472,-87.67917,"(41.48472, -87.67917)",18.0
Parsa,18109,Valid,EH3,1942.0,26.2,85.4,"(26.2, 85.4)",0.8
Pasamonte,18110,Valid,Eucrite-pmict,1933.0,36.21667,-103.4,"(36.21667, -103.4)",5.1
Patora,18112,Valid,H6,1969.0,20.93694,82.05,"(20.93694, 82.05)",4.375
Patrimonio,18116,Valid,L6,1950.0,-19.53333,-48.56667,"(-19.53333, -48.56667)",2.121
Patti,18118,Valid,Iron,1922.0,38.13333,14.96667,"(38.13333, 14.96667)",0.012
Patwar,18171,Valid,Mesosiderite-A1,1935.0,23.15,91.18333,"(23.15, 91.18333)",37.35
Pavel,18173,Valid,H5,1966.0,43.46667,25.51667,"(43.46667, 25.51667)",2.968
Pavlodar (stone),18175,Valid,H5,1938.0,52.3,77.03333,"(52.3, 77.03333)",0.1425
Peace River,18180,Valid,L6,1963.0,56.13333,-117.93333,"(56.13333, -117.93333)",45.76
Peckelsheim,18181,Valid,Diogenite-pm,1953.0,51.66667,9.25,"(51.66667, 9.25)",0.1178
Peekskill,18782,Valid,H6,1992.0,41.28333,-73.91667,"(41.28333, -73.91667)",12.57
Peña Blanca Spring,18786,Valid,Aubrite,1946.0,30.125,-103.11667,"(30.125, -103.11667)",70.0
Perpeti,18793,Valid,L6,1935.0,23.325,91.0,"(23.325, 91.0)",23.474
Pervomaisky,18798,Valid,L6,1933.0,56.63333,39.43333,"(56.63333, 39.43333)",66.0
Pesyanoe,18799,Valid,Aubrite,1933.0,55.5,66.08333,"(55.5, 66.08333)",3.393
Pétèlkolé,18800,Valid,H5,1995.0,14.052,0.42,"(14.052, 0.42)",0.189
Phillips County (stone),18808,Valid,L6,1901.0,40.0,-99.25,"(40.0, -99.25)",57.9
Phum Sambo,18811,Valid,H4,1933.0,12.0,105.48333,"(12.0, 105.48333)",7.8
Phuoc-Binh,18812,Valid,L5,1941.0,15.71667,108.1,"(15.71667, 108.1)",11.0
Piancaldoli,18813,Valid,LL3.4,1968.0,44.24417,11.50222,"(44.24417, 11.50222)",0.013099999999999999
Piplia Kalan,18831,Valid,Eucrite-mmict,1996.0,26.03472,73.94167,"(26.03472, 73.94167)",42.0
Pitts,18837,Valid,"Iron, IAB-ung",1921.0,31.95,-83.51667,"(31.95, -83.51667)",3.76
Plantersville,18846,Valid,H6,1930.0,30.7,-96.11667,"(30.7, -96.11667)",2.085
Pleşcoi,51706,Valid,L5-6,2008.0,45.275,26.70972,"(45.275, 26.70972)",6.913
Pollen,18860,Valid,CM2,1942.0,66.34833,14.015,"(66.34833, 14.015)",0.2536
Pontlyfni,18865,Valid,Winonaite,1931.0,53.03639,-4.31944,"(53.03639, -4.31944)",0.157
Portales Valley,18874,Valid,H6,1998.0,34.175,-103.295,"(34.175, -103.295)",71.4
Po-wang Chen,18879,Valid,LL,1933.0,31.41667,118.5,"(31.41667, 118.5)",0.665
Prambachkirchen,18883,Valid,L6,1932.0,48.3025,13.94083,"(48.3025, 13.94083)",2.125
Pribram,18887,Valid,H5,1959.0,49.66667,14.03333,"(49.66667, 14.03333)",5.555
Puerto Lápice,45984,Valid,Eucrite-br,2007.0,39.35,-3.51667,"(39.35, -3.51667)",0.5
Putinga,18905,Valid,L6,1937.0,-29.03333,-53.05,"(-29.03333, -53.05)",300.0
Qidong,18907,Valid,L/LL5,1982.0,32.08333,121.5,"(32.08333, 121.5)",1.275
Qingzhen,18908,Valid,EH3,1976.0,26.53333,106.46667,"(26.53333, 106.46667)",2.6
Queen's Mercy,22357,Valid,H6,1925.0,-30.11667,28.7,"(-30.11667, 28.7)",7.0
Quija,22361,Valid,H,1990.0,44.61667,126.13333,"(44.61667, 126.13333)",17.45
Raco,22368,Valid,H5,1957.0,-26.66667,-65.45,"(-26.66667, -65.45)",5.0
Raghunathpura,22371,Valid,"Iron, IIAB",1986.0,27.72528,76.465,"(27.72528, 76.465)",10.2
Rahimyar Khan,31302,Valid,L5,1983.0,28.225,70.2,"(28.225, 70.2)",67.225
Ramnagar,22384,Valid,L6,1940.0,26.45,82.9,"(26.45, 82.9)",3.766
Rampurhat,22385,Valid,LL,1916.0,24.16667,87.76667,"(24.16667, 87.76667)",0.1
Ramsdorf,22386,Valid,L6,1958.0,51.88333,6.93333,"(51.88333, 6.93333)",4.682
Ranchapur,22387,Valid,H4,1917.0,23.98333,87.08333,"(23.98333, 87.08333)",0.2904
Rangala,22392,Valid,L6,1937.0,25.38333,72.01667,"(25.38333, 72.01667)",3.2245
Raoyang,22394,Valid,L6,1919.0,38.2,115.7,"(38.2, 115.7)",4.91
Ras Tanura,22395,Valid,H6,1961.0,26.66667,50.15,"(26.66667, 50.15)",0.0060999999999999995
Red Canyon Lake,53502,Valid,H5,2007.0,38.13742,-119.75812,"(38.13742, -119.75812)",0.01841
Reliegos,22584,Valid,L5,1947.0,42.475,-5.33333,"(42.475, -5.33333)",17.3
Rembang,22585,Valid,"Iron, IVA",1919.0,-6.73333,111.36667,"(-6.73333, 111.36667)",10.0
Renca,22587,Valid,L5,1925.0,-32.75,-65.28333,"(-32.75, -65.28333)",0.3
Renqiu,22589,Valid,L6,1916.0,38.66667,116.13333,"(38.66667, 116.13333)",0.355
Repeev Khutor,22590,Valid,"Iron, IIF",1933.0,48.6,45.66667,"(48.6, 45.66667)",7.0
Revelstoke,22592,Valid,CI1,1965.0,51.33333,-118.95,"(51.33333, -118.95)",0.001
Rewari,22593,Valid,L6,1929.0,28.2,76.66667,"(28.2, 76.66667)",3.332
Rich Mountain,22597,Valid,L6,1903.0,35.03333,-83.03333,"(35.03333, -83.03333)",0.668
Uzcudun,24140,Valid,L,1948.0,-44.11667,-66.15,"(-44.11667, -66.15)",20.0
Richardton,22599,Valid,H5,1918.0,46.88333,-102.31667,"(46.88333, -102.31667)",90.0
Richland Springs,22602,Valid,OC,1980.0,31.25,-99.03333,"(31.25, -99.03333)",1.9
Rio Negro,22611,Valid,L4,1934.0,-26.1,-49.8,"(-26.1, -49.8)",1.31
Rose City,22766,Valid,H5,1921.0,44.51667,-83.95,"(44.51667, -83.95)",10.6
Ruhobobo,22780,Valid,L6,1976.0,-1.45,29.83333,"(-1.45, 29.83333)",0.4655
Rumuruti,22782,Valid,R3.8-6,1934.0,0.26667,36.53333,"(0.26667, 36.53333)",0.067
Rupota,22783,Valid,L4-6,1949.0,-10.26667,38.76667,"(-10.26667, 38.76667)",6.0
Ryechki,22791,Valid,L5,1914.0,51.13333,34.5,"(51.13333, 34.5)",13.0
Sabrum,22793,Valid,LL6,1999.0,23.08333,91.66667,"(23.08333, 91.66667)",0.478
Saint-Sauveur,23101,Valid,EH5,1914.0,43.73333,1.38333,"(43.73333, 1.38333)",14.0
Saint-Séverin,23102,Valid,LL6,1966.0,45.3,0.23333,"(45.3, 0.23333)",271.0
Sakauchi,23103,Valid,Iron,1913.0,35.66667,136.3,"(35.66667, 136.3)",4.18
Salem,23107,Valid,L6,1981.0,44.97917,-122.96944,"(44.97917, -122.96944)",0.061399999999999996
Salzwedel,23114,Valid,LL5,1985.0,52.75,11.05,"(52.75, 11.05)",0.043
Samelia,23115,Valid,"Iron, IIIAB",1921.0,25.66667,74.86667,"(25.66667, 74.86667)",2.462
San Juan Capistrano,23128,Valid,H6,1973.0,33.48472,-117.6625,"(33.48472, -117.6625)",0.056
San Michele,31315,Valid,L6,2002.0,43.66667,13.0,"(43.66667, 13.0)",0.237
San Pedro de Quiles,23130,Valid,L6,1956.0,-31.01667,-71.4,"(-31.01667, -71.4)",0.282
San Pedro Jacuaro,34063,Valid,LL6,1968.0,19.76667,-100.65,"(19.76667, -100.65)",0.46
Santa Cruz,23164,Valid,CM2,1939.0,24.16667,-99.33333,"(24.16667, -99.33333)",0.06
Santa Isabel,23165,Valid,L6,1924.0,-33.9,-61.7,"(-33.9, -61.7)",5.5
Santa Lucia (2008),50909,Valid,L6,2008.0,-31.535556,-68.489444,"(-31.535556, -68.489444)",4.0
São Jose do Rio Preto,23171,Valid,H4,1962.0,-20.81,-49.38056,"(-20.81, -49.38056)",0.927
Saratov,23176,Valid,L4,1918.0,52.55,46.55,"(52.55, 46.55)",200.0
Sayama,23192,Valid,CM2,1986.0,35.86667,139.4,"(35.86667, 139.4)",0.43
Sazovice,23455,Valid,L5,1934.0,49.23333,17.56667,"(49.23333, 17.56667)",0.412
Schenectady,23458,Valid,H5,1968.0,42.86083,-73.95028,"(42.86083, -73.95028)",0.2833
Sediköy,23473,Valid,L6,1917.0,38.3,27.13333,"(38.3, 27.13333)",0.24
Selakopi,23481,Valid,H5,1939.0,-7.23333,107.33333,"(-7.23333, 107.33333)",1.59
Seldebourak,23483,Valid,H5,1947.0,22.83333,4.98333,"(22.83333, 4.98333)",0.15
Semarkona,23487,Valid,LL3.00,1940.0,22.25,79.0,"(22.25, 79.0)",0.691
Senboku,23496,Valid,H6,1993.0,39.43833,140.51167,"(39.43833, 140.51167)",0.866
Seoni,23500,Valid,H6,1966.0,21.68389,79.50083,"(21.68389, 79.50083)",20.0
Serra de Magé,23502,Valid,Eucrite-cm,1923.0,-8.38333,-36.76667,"(-8.38333, -36.76667)",1.8
Sete Lagoas,23504,Valid,H4,1908.0,-19.46667,-44.21667,"(-19.46667, -44.21667)",0.35
Sfax,23512,Valid,L6,1989.0,34.75,10.71667,"(34.75, 10.71667)",7.0
Sharps,23525,Valid,H3.4,1921.0,37.83333,-76.7,"(37.83333, -76.7)",1.265
Shelburne,23529,Valid,L5,1904.0,44.05,-80.16667,"(44.05, -80.16667)",18.6
Sheyang,23531,Valid,L6,1976.0,33.65,120.06667,"(33.65, 120.06667)",0.605
Shikarpur,23534,Valid,L6,1921.0,25.85,87.5775,"(25.85, 87.5775)",3.6797
Shuangyang,23582,Valid,H5,1971.0,43.5,125.66667,"(43.5, 125.66667)",3.9
Shupiyan,23583,Valid,H6,1912.0,33.71667,74.83333,"(33.71667, 74.83333)",5.0
Sikhote-Alin,23593,Valid,"Iron, IIAB",1947.0,46.16,134.65333,"(46.16, 134.65333)",23000.0
Silao,23594,Valid,H5,1995.0,20.93333,-101.38333,"(20.93333, -101.38333)",1.71
Silistra,55584,Valid,Achondrite-ung,1917.0,44.11667,27.26667,"(44.11667, 27.26667)",0.00015
Simmern,23603,Valid,H5,1920.0,49.98333,7.53333,"(49.98333, 7.53333)",1.222
Sinai,23606,Valid,L6,1916.0,30.9,32.48333,"(30.9, 32.48333)",1.455
Sindhri,23611,Valid,H5,1901.0,26.21667,69.55,"(26.21667, 69.55)",8.4
Sinnai,23613,Valid,H6,1956.0,39.3,9.2,"(39.3, 9.2)",2.0
Sioux County,23614,Valid,Eucrite-mmict,1933.0,42.58333,-103.66667,"(42.58333, -103.66667)",4.1
Sivas,23617,Valid,H6,1989.0,39.82467,36.13583,"(39.82467, 36.13583)",40.0
Sixiangkou,23619,Valid,L5,1989.0,32.43333,119.86667,"(32.43333, 119.86667)",0.63
Soheria,23660,Valid,OC,1960.0,27.13333,84.06667,"(27.13333, 84.06667)",0.0729
Sołtmany,53829,Valid,L6,2011.0,54.00883,22.005,"(54.00883, 22.005)",1.066
Songyuan,23668,Valid,L6,1993.0,45.25,125.0,"(45.25, 125.0)",36.9
Sopot,23670,Valid,OC,1927.0,44.41667,23.5,"(44.41667, 23.5)",0.958
Soroti,23671,Valid,"Iron, ungrouped",1945.0,1.7,33.63333,"(1.7, 33.63333)",2.05
St. Louis,23089,Valid,H4,1950.0,38.7,-90.23333,"(38.7, -90.23333)",1.0
St. Mark's,23090,Valid,EH5,1903.0,-32.01667,27.41667,"(-32.01667, 27.41667)",13.78
St. Mary's County,23091,Valid,LL3.3,1919.0,38.16667,-76.38333,"(38.16667, -76.38333)",0.024300000000000002
St. Michel,23093,Valid,L6,1910.0,61.65,27.2,"(61.65, 27.2)",17.0
St.-Chinian,23097,Valid,L6,1959.0,43.43333,2.95,"(43.43333, 2.95)",0.1343
Ste. Marguerite,23099,Valid,H4,1962.0,50.76667,3.0,"(50.76667, 3.0)",4.96
Sterlitamak,23724,Valid,"Iron, IIIAB",1990.0,53.66667,55.98333,"(53.66667, 55.98333)",325.0
Stratford,23728,Valid,L6,1974.0,41.2,-73.13333,"(41.2, -73.13333)",0.05
Strathmore,23729,Valid,L6,1917.0,56.58333,-3.25,"(56.58333, -3.25)",13.4
St-Robert,23733,Valid,H5,1994.0,45.96861,-72.97806,"(45.96861, -72.97806)",25.4
Success,23736,Valid,L6,1924.0,36.48333,-90.66667,"(36.48333, -90.66667)",3.5
Suchy Dul,23737,Valid,L6,1969.0,50.53806,16.26333,"(50.53806, 16.26333)",0.8152999999999999
Suizhou,23738,Valid,L6,1986.0,31.61667,113.46667,"(31.61667, 113.46667)",260.0
Sulagiri,48951,Valid,LL6,2008.0,12.66667,78.03333,"(12.66667, 78.03333)",110.0
Sultanpur,23741,Valid,L/LL6,1916.0,25.93333,84.28333,"(25.93333, 84.28333)",1.7105
Sungach,23745,Valid,H5,1935.0,44.86667,133.16667,"(44.86667, 133.16667)",0.637
Sutter's Mill,55529,Valid,C,2012.0,38.80389,-120.90806,"(38.80389, -120.90806)",0.9925
Sylacauga,23773,Valid,H4,1954.0,33.18836,-86.2945,"(33.18836, -86.2945)",5.56
Tagish Lake,23782,Valid,C2-ung,2000.0,59.70444,-134.20139,"(59.70444, -134.20139)",10.0
Tahara,23784,Valid,H4/5,1991.0,34.72,137.305,"(34.72, 137.305)",1.0
Tambakwatu,23795,Valid,L6,1975.0,-7.75,112.76667,"(-7.75, 112.76667)",10.5
Tamdakht,48691,Valid,H5,2008.0,31.16333,-7.015,"(31.16333, -7.015)",100.0
Tané,23801,Valid,L5,1918.0,35.43333,136.23333,"(35.43333, 136.23333)",0.905
Taonan,23873,Valid,L5,1965.0,45.4,122.9,"(45.4, 122.9)",3.85
Tatahouine,23884,Valid,Diogenite,1931.0,32.95,10.41667,"(32.95, 10.41667)",12.0
Tathlith,23885,Valid,L6,1967.0,19.38333,43.73333,"(19.38333, 43.73333)",2.5
Tauk,23887,Valid,L6,1929.0,35.13333,44.45,"(35.13333, 44.45)",6.0
Tauti,23888,Valid,L6,1937.0,46.71667,23.5,"(46.71667, 23.5)",21.0
Thal,23908,Valid,H6,1950.0,33.4,70.6,"(33.4, 70.6)",0.342
Thika,54493,Valid,L6,2011.0,-1.00278,37.15028,"(-1.00278, 37.15028)",14.2
Thuathe,23976,Valid,H4/5,2002.0,-29.33333,27.58333,"(-29.33333, 27.58333)",45.3
Tianzhang,23984,Valid,H5,1986.0,32.94667,118.99,"(32.94667, 118.99)",2.232
Tilden,23998,Valid,L6,1927.0,38.2,-89.68333,"(38.2, -89.68333)",74.8
Tillaberi,23999,Valid,L6,1970.0,14.25,1.53333,"(14.25, 1.53333)",3.0
Tirupati,24009,Valid,H6,1934.0,13.63333,79.41667,"(13.63333, 79.41667)",0.23
Tissint,54823,Valid,Martian (shergottite),2011.0,29.48195,-7.61123,"(29.48195, -7.61123)",7.0
Tjerebon,24012,Valid,L5,1922.0,-6.66667,106.58333,"(-6.66667, 106.58333)",16.5
Tomakovka,24019,Valid,LL6,1905.0,47.85,34.76667,"(47.85, 34.76667)",0.6
Tomita,24023,Valid,L,1916.0,34.5,133.75,"(34.5, 133.75)",0.6
Tomiya,24024,Valid,H4/5,1984.0,38.36667,140.86556,"(38.36667, 140.86556)",0.0275
Tonk,24026,Valid,CI1,1911.0,24.65,76.86667,"(24.65, 76.86667)",0.0077
Torino,24029,Valid,H6,1988.0,45.06667,7.66667,"(45.06667, 7.66667)",0.977
Torrington,24032,Valid,H6,1944.0,42.06667,-104.16667,"(42.06667, -104.16667)",0.2591
Trebbin,24042,Valid,LL6,1988.0,52.21667,13.16667,"(52.21667, 13.16667)",1.25
Treysa,24050,Valid,"Iron, IIIAB-an",1916.0,50.91667,9.18333,"(50.91667, 9.18333)",63.0
Tromøy,24053,Valid,H,1950.0,58.47333,8.86667,"(58.47333, 8.86667)",0.3574
Troup,24054,Valid,L6,1917.0,32.16667,-95.1,"(32.16667, -95.1)",1.02
Trysil,24057,Valid,L/LL6,1927.0,61.3,12.3,"(61.3, 12.3)",0.64
Tsukuba,24059,Valid,H5-6,1996.0,36.06333,140.145,"(36.06333, 140.145)",0.8
Tuan Tuc,24060,Valid,L6,1921.0,9.66667,105.66667,"(9.66667, 105.66667)",13.1
Tugalin-Bulen,24062,Valid,H6,1967.0,45.46667,105.38333,"(45.46667, 105.38333)",10.0
Turtle Lake,47343,Valid,L5,1996.0,45.34583,-92.05167,"(45.34583, -92.05167)",0.08929999999999999
Tuxtuac,24086,Valid,LL5,1975.0,21.66667,-103.36667,"(21.66667, -103.36667)",30.0
Tyumen,24095,Valid,Iron,1903.0,57.16667,65.53333,"(57.16667, 65.53333)",0.75
Uberaba,24096,Valid,H5,1903.0,-19.81667,-48.78333,"(-19.81667, -48.78333)",40.0
Ucera,24097,Valid,H5,1970.0,11.05,-69.85,"(11.05, -69.85)",4.59
Uchkuduk,24098,Valid,L6,1989.0,41.76667,62.51667,"(41.76667, 62.51667)",1.0
Udei Station,24101,Valid,"Iron, IAB-ung",1927.0,7.95,8.08333,"(7.95, 8.08333)",103.0
Ufana,24106,Valid,EL6,1957.0,-4.26667,35.35,"(-4.26667, 35.35)",0.18919999999999998
Ulmiz,24108,Valid,L,1926.0,46.93333,7.21667,"(46.93333, 7.21667)",0.0765
Umm Ruaba,24118,Valid,L5,1966.0,13.46667,31.21667,"(13.46667, 31.21667)",1.7
Undulung,24121,Valid,L4,1986.0,66.13889,124.76667,"(66.13889, 124.76667)",0.1134
Unkoku,24123,Valid,OC,1924.0,34.8,127.0,"(34.8, 127.0)",1.0
Urasaki,24129,Valid,Stone-uncl,1926.0,34.48333,133.28333,"(34.48333, 133.28333)",1.5
Usti Nad Orlici,24132,Valid,L6,1963.0,49.975,16.375,"(49.975, 16.375)",1.269
Utzenstorf,24136,Valid,H5,1928.0,47.11667,7.55,"(47.11667, 7.55)",3.422
Valdavur,24144,Valid,H6,1944.0,11.98333,79.75,"(11.98333, 79.75)",2.799
Valdinizza,24145,Valid,L6,1903.0,44.86667,9.15,"(44.86667, 9.15)",1.004
Valera,24149,Valid,L5,1972.0,9.31667,-70.62833,"(9.31667, -70.62833)",50.0
Varre-Sai,53633,Valid,L5,2010.0,-20.85001,-41.73356,"(-20.85001, -41.73356)",2.5
Vengerovo,24158,Valid,H5,1950.0,56.13333,77.26667,"(56.13333, 77.26667)",10.8
Vetluga,24169,Valid,Eucrite-mmict,1949.0,57.8,45.8,"(57.8, 45.8)",0.75
Vigarano,24174,Valid,CV3,1910.0,44.85,11.4,"(44.85, 11.4)",15.0
Villalbeto de la Peña,24179,Valid,L6,2004.0,42.8,-4.66667,"(42.8, -4.66667)",3.5
Vilna,24183,Valid,L5,1967.0,54.225,-111.69167,"(54.225, -111.69167)",0.0001
Vishnupur,24187,Valid,LL4-6,1906.0,23.1,87.43333,"(23.1, 87.43333)",2.437
Vissannapeta,24188,Valid,Eucrite-cm,1997.0,16.83333,80.75,"(16.83333, 80.75)",1.3037999999999998
Visuni,24189,Valid,H6,1915.0,25.45,70.0,"(25.45, 70.0)",0.594
Walters,24210,Valid,L6,1946.0,34.33333,-98.3,"(34.33333, -98.3)",28.1
Washougal,24218,Valid,Howardite,1939.0,45.58333,-122.35,"(45.58333, -122.35)",0.225
Werdama,47344,Valid,H5,2006.0,32.79732,21.78713,"(32.79732, 21.78713)",4.0
Wethersfield (1971),24250,Valid,L6,1971.0,41.7,-72.65,"(41.7, -72.65)",0.35
Wethersfield (1982),24251,Valid,L6,1982.0,41.71056,-72.67361,"(41.71056, -72.67361)",2.756
Whetstone Mountains,49514,Valid,H5,2009.0,31.96185,-110.434183,"(31.96185, -110.434183)",2.13874
Wiluna,24281,Valid,H5,1967.0,-26.59278,120.32833,"(-26.59278, 120.32833)",150.0
Witklip Farm,24321,Valid,H5,1918.0,-26.0,30.0,"(-26.0, 30.0)",0.022
Witsand Farm,24322,Valid,LL4,1932.0,-28.66667,18.91667,"(-28.66667, 18.91667)",0.066
Wolamo,24324,Valid,OC,1964.0,9.0,39.0,"(9.0, 39.0)",0.1664
Woolgorong,24334,Valid,L6,1960.0,-27.75,115.83333,"(-27.75, 115.83333)",36.0
Worden,24337,Valid,L5,1997.0,42.38467,-83.6115,"(42.38467, -83.6115)",1.551
Wuan,24340,Valid,H6,1986.0,36.75,114.25,"(36.75, 114.25)",50.0
Xi Ujimgin,24345,Valid,L/LL6-an,1980.0,44.66667,117.5,"(44.66667, 117.5)",5.9
Xingyang,24346,Valid,H6,1977.0,32.33333,114.31667,"(32.33333, 114.31667)",75.5
Yafa,24351,Valid,H5,2000.0,13.71111,45.17,"(13.71111, 45.17)",5.7
Yambo,30345,Valid,H5,1951.0,1.0,22.5,"(1.0, 22.5)",0.004
Yangchiang,30348,Valid,H5,1954.0,21.83333,111.83333,"(21.83333, 111.83333)",20.0
Yanzhuang,30350,Valid,H6,1990.0,24.56667,114.16667,"(24.56667, 114.16667)",3.5
Yardymly,30352,Valid,"Iron, IAB complex",1959.0,38.93333,48.25,"(38.93333, 48.25)",150.2
Yoshiki,30372,Valid,Stone-uncl,1928.0,34.16667,131.45,"(34.16667, 131.45)",0.0001
Yukan,30377,Valid,LL6,1931.0,28.71667,116.61667,"(28.71667, 116.61667)",4.8
Yurtuk,30378,Valid,Howardite,1936.0,47.31667,35.36667,"(47.31667, 35.36667)",1.472
Zag,30384,Valid,H3-6,1998.0,27.33333,-9.33333,"(27.33333, -9.33333)",175.0
Zagami,30386,Valid,Martian (shergottite),1962.0,11.73333,7.08333,"(11.73333, 7.08333)",18.0
Zaisan,30388,Valid,H5,1963.0,47.5,83.0,"(47.5, 83.0)",0.463
Zaoyang,30391,Valid,H5,1984.0,32.3,112.75,"(32.3, 112.75)",14.25
Zavetnoe,30395,Valid,L6,1952.0,47.13333,43.9,"(47.13333, 43.9)",0.8
Zemaitkiemis,30399,Valid,L6,1933.0,55.3,25.0,"(55.3, 25.0)",44.1
Zhaodong,30404,Valid,L4,1984.0,45.81667,125.91667,"(45.81667, 125.91667)",42.0
Zhovtnevyi,30407,Valid,H6,1938.0,47.58333,37.25,"(47.58333, 37.25)",107.0
Zhuanghe,30408,Valid,H5,1976.0,39.66667,122.98333,"(39.66667, 122.98333)",2.9
Zvonkov,30415,Valid,H6,1955.0,50.2,30.25,"(50.2, 30.25)",2.568
